Symphony,Period,Start,End,Annualized Return,Cumulative Return,Sharpe,Sortino,Calmar,Max Drawdown,Volatility,Tail Ratio,Win Rate,Turnover,Alpha,Beta,R Squared,Correlation
Extended OOS Outliers 9/7/24 (Invest Copy),2024-2025,2024-01-01,2025-12-31,55.183,37.591,2.1027883255925044,3.3651567275148047,7.590808636692242,7.27,22.193,1.4563185748909773,54.945,64.88691811991616,-0.013852404002053386,1.2524267923410066,0.5247593078191979,0.7244027248838852
Extended OOS Outliers 9/7/24 (Invest Copy),2025,2025-01-01,2025-12-31,55.183,37.591,2.1027883255925044,3.3651567275148047,7.590808636692242,7.27,22.193,1.4563185748909773,54.945,64.88691811991616,-0.013852404002053386,1.2524267923410066,0.5247593078191979,0.7244027248838852
01 s90 50/40 maxDD (190/40 s10-18-11) 2.36sh 50.2sd,2017,2017-01-01,2017-12-31,21.814,21.719,0.6732522521046567,1.3030677136505868,0.6311955266421813,34.56,40.921,0.8531982523523254,51.2,18.048302622241554,0.5232905252960683,-1.2860129506500746,0.044619639421225786,-0.21123361337918212
01 s90 50/40 maxDD (190/40 s10-18-11) 2.36sh 50.2sd,2017-2018,2017-01-01,2018-12-31,84.313,238.069,1.448237946662447,2.9694818799300866,2.066469301739107,40.801,50.598,1.0925482494570908,53.293,24.643207367130426,0.7128950172308914,0.24896098486866616,0.004070995183961632,0.06380435082313457
01 s90 50/40 maxDD (190/40 s10-18-11) 2.36sh 50.2sd,2018,2018-01-01,2018-12-31,197.395,196.111,2.1469374079088004,4.621875325214494,5.520068358183599,35.759,58.522,1.201180448658781,55.6,31.328557758246426,1.2769874545125122,0.5163444250587498,0.022648129835027158,0.15049295609770963
01 s90 50/40 maxDD (190/40 s10-18-11) 2.36sh 50.2sd,2018-2019,2018-01-01,2019-12-31,145.237,499.276,2.1309206824919875,4.164014377179086,4.061499556717957,35.76,47.215,1.0672632432839426,56.773,25.16355428578124,0.8912017285417125,0.9530738572450713,0.09127588956126646,0.30211899900745476
01 s90 50/40 maxDD (190/40 s10-18-11) 2.36sh 50.2sd,2019,2019-01-01,2019-12-31,103.046,103.046,2.3568887755275596,3.678503407272787,5.603481663143123,18.39,32.42,1.0090661068221005,58.167,19.122818012851884,0.26259780505136343,1.792729834455019,0.4804261037803114,0.6931277687268859
01 s90 50/40 maxDD (190/40 s10-18-11) 2.36sh 50.2sd,2019-2020,2019-01-01,2020-12-31,870.882,9411.528,3.4673543517163954,9.28363911938724,28.002976271676104,31.1,72.717,1.341092640500905,62.103,34.144904219144244,2.5208925810145044,0.00189760606937818,4.338282336654602e-07,0.0006586563851246416
01 s90 50/40 maxDD (190/40 s10-18-11) 2.36sh 50.2sd,2020,2020-01-01,2020-12-31,4427.76,4496.787,4.418904978219071,13.182949503012212,142.37299454822062,31.1,96.462,1.6681114897267508,65.873,48.452441343534026,4.315321319809724,-0.24498830599470153,0.007220359537758587,-0.08497269877883476
01 s90 50/40 maxDD (190/40 s10-18-11) 2.36sh 50.2sd,2020-2021,2020-01-01,2021-12-31,1136.411,15340.444,3.765738183724301,10.160738464459682,36.54085015996198,31.1,73.624,1.3563443273230358,61.905,38.760252597609494,2.778924724778481,-0.026971745054483933,8.62662210926504e-05,-0.009287961083717482
01 s90 50/40 maxDD (190/40 s10-18-11) 2.36sh 50.2sd,2021,2021-01-01,2021-12-31,247.464,247.464,3.5718980293409857,6.355068225113902,23.00331505184946,10.758,36.976,1.2066716532456687,58.167,29.177565760642484,0.9304706255164306,1.415193245998216,0.24492165788701642,0.4948956030184714
01 s90 50/40 maxDD (190/40 s10-18-11) 2.36sh 50.2sd,2021-2022,2021-01-01,2022-12-31,298.753,1481.337,3.292302191345723,5.775539200187469,11.976908430932896,24.944,45.284,1.2866428603047968,57.769,49.34287217557617,1.4826291094274273,0.1589660743557182,0.004666519251967548,0.06831192613275919
01 s90 50/40 maxDD (190/40 s10-18-11) 2.36sh 50.2sd,2022,2022-01-01,2022-12-31,351.86,349.164,3.1542427155247927,5.500962822992259,14.1056020760194,24.945,52.447,1.351284849271068,57.2,68.9902566420021,1.6198553879625988,-0.1929808600641722,0.007982558503788267,-0.0893451649715208
01 s90 50/40 maxDD (190/40 s10-18-11) 2.36sh 50.2sd,2022-2023,2022-01-01,2023-12-31,190.784,734.875,2.6537543011468068,4.5106281941378095,7.648260638396388,24.945,43.992,1.2563387854674062,56.4,44.87061675591533,1.1578765665923059,0.2970574744606132,0.017385850939961787,0.1318554168017446
01 s90 50/40 maxDD (190/40 s10-18-11) 2.36sh 50.2sd,2023,2023-01-01,2023-12-31,84.233,83.342,2.006896040883441,3.2009962300482417,3.393029645884072,24.825,33.353,1.1023419942750983,55.422,20.83181794603397,0.16131962130904756,2.0467069635088624,0.6454601853346831,0.8034053680021581
01 s90 50/40 maxDD (190/40 s10-18-11) 2.36sh 50.2sd,2023-2024,2023-01-01,2024-12-31,118.736,375.489,2.5260573182984616,4.1505850514275275,4.782816071950575,24.825,33.27,1.1715747726982524,55.09,26.715912510970572,0.4416257406181136,1.667489237377455,0.41281417765660383,0.6425061693529517
01 s90 50/40 maxDD (190/40 s10-18-11) 2.36sh 50.2sd,2024,2024-01-01,2024-12-31,162.36,162.36,3.0813118856192863,5.232366865160038,11.247993117369854,14.435,33.267,1.2291443333742307,54.98,32.65573342620772,0.726702240719631,1.2602673760148513,0.2270433643333782,0.4764906760193511
01 s90 50/40 maxDD (190/40 s10-18-11) 2.36sh 50.2sd,2024-2025,2024-01-01,2025-12-31,173.31,641.048,2.143276271828369,5.524849048163887,7.4151271976694675,23.373,52.561,1.0763507759357924,55.289,28.270367115233014,0.7854355025253438,1.6240943291787988,0.2560955727968822,0.5060588629763164
01 s90 50/40 maxDD (190/40 s10-18-11) 2.36sh 50.2sd,2025,2025-01-01,2025-12-31,186.86,184.471,1.8591480314130795,5.8514786480903185,7.994679841973958,23.373,66.727,0.9806658779090085,55.823,23.968463738769774,0.9093202501941567,1.7768818690644692,0.270285186273892,0.5198895904650256
"Sisyphus V0.0 (291,7,2022) (Invest Copy)",2021-2022,2021-01-01,2022-12-31,337.796,206.227,5.207103945948139,12.851599442001698,43.17568210237373,7.824,29.398,2.6905347533537407,61.579,59.55852432338065,1.4725926387495152,-0.30235717075466856,0.06672741895734248,-0.25831650926207267
"Sisyphus V0.0 (291,7,2022) (Invest Copy)",2022,2022-01-01,2022-12-31,337.796,206.227,5.207103945948139,12.851599442001698,43.17568210237373,7.824,29.398,2.6905347533537407,61.579,59.55852432338065,1.4725926387495152,-0.30235717075466856,0.06672741895734248,-0.25831650926207267
"Sisyphus V0.0 (291,7,2022) (Invest Copy)",2022-2023,2022-01-01,2023-12-31,281.819,942.919,5.516253910984634,13.342993945799924,36.020962375171266,7.824,24.961,2.1044864627413524,62.955,56.59392540188282,1.3818776119224674,-0.09038923505671285,0.004857375126348561,-0.06969487159288379
"Sisyphus V0.0 (291,7,2022) (Invest Copy)",2023,2023-01-01,2023-12-31,240.714,237.416,5.966878079277826,14.04339010738265,49.19986563806991,4.893,21.042,2.2452119880648795,63.855,54.52072279486726,1.1271330508230946,0.5173765902920358,0.10362594391005797,0.32190983816910285
"Sisyphus V0.0 (291,7,2022) (Invest Copy)",2023-2024,2023-01-01,2024-12-31,251.978,1126.572,4.930757637973728,12.607683730484933,35.810317298422916,7.036,26.313,2.212183724821282,65.07,54.20912925897666,1.2402541674576486,0.23915486246789702,0.013575006930848416,0.11651183172042406
"Sisyphus V0.0 (291,7,2022) (Invest Copy)",2024-2025,2024-01-01,2025-12-31,149.451,517.762,3.4514112075027272,8.38137730357535,21.463935969722165,6.963,27.644,1.7504585055068334,61.078,54.09925920794331,0.8580339019893626,0.45737913576740635,0.07343029076652625,0.27098024054629194
"Sisyphus V0.0 (291,7,2022) (Invest Copy)",2025,2025-01-01,2025-12-31,64.483,63.835,2.1741271850261628,4.458803293767426,9.282212452833603,6.947,24.303,1.0665490763563563,55.02,54.40137305767899,0.40199831238393025,0.6779334829195657,0.2965987517595169,0.5446088061714729
Beta Baller with Rotators Final_(Reduced Leverage) (Buy Copy),2020-2021,2020-01-01,2021-12-31,206.139,32.276,3.644040767646108,7.190660192344707,41.19720840510423,5.004,32.695,1.6165290090737443,56.452,109.94393066005861,0.7519000625452572,0.9971778532650382,0.17120789864062716,0.41377276208158886
Beta Baller with Rotators Final_(Reduced Leverage) (Buy Copy),2021,2021-01-01,2021-12-31,206.139,32.276,3.644040767646108,7.190660192344707,41.19720840510423,5.004,32.695,1.6165290090737443,56.452,109.94393478725445,0.7519000625452572,0.9971778532650382,0.17120789864062716,0.41377276208158886
Beta Baller with Rotators Final_(Reduced Leverage) (Buy Copy),2021-2022,2021-01-01,2022-12-31,343.005,538.92,4.277205184035397,7.610448740351866,18.808589851479088,18.237,36.568,1.8167812023982046,58.147,102.54505638227867,1.5421020358416284,-0.43401120176568486,0.07173516821705794,-0.26783421778603633
Beta Baller with Rotators Final_(Reduced Leverage) (Buy Copy),2022,2022-01-01,2022-12-31,378.615,375.65,4.385922301087994,7.678711599809957,20.76112386616915,18.237,37.554,1.8168431209952933,58.4,100.08289148409237,1.550139129339647,-0.5430123753238782,0.12327117342374036,-0.3510999479119021
Beta Baller with Rotators Final_(Reduced Leverage) (Buy Copy),2022-2023,2022-01-01,2023-12-31,145.81,497.791,2.684715405991906,4.390471660850244,6.759773510374074,21.57,36.038,1.3939960935345113,54.6,99.88717037032917,0.9823588040844171,-0.46083002013684377,0.06234983637193825,-0.24969949213392134
Beta Baller with Rotators Final_(Reduced Leverage) (Buy Copy),2023,2023-01-01,2023-12-31,30.459,30.184,0.9530264686398394,1.4349278057866803,1.4119578856217254,21.572,34.086,1.1453119455395846,51.406,97.04361491517267,0.350547475768855,-0.10351600532373961,0.0015808428715976767,-0.039759814783241594
Beta Baller with Rotators Final_(Reduced Leverage) (Buy Copy),2023-2024,2023-01-01,2024-12-31,53.284,134.164,1.465897778397316,2.192143789972479,2.46994845872811,21.573,32.941,1.3929221590158292,52.695,107.27699166261895,0.5266005252490255,-0.18277594449594478,0.005059275329477388,-0.07112858306951846
Beta Baller with Rotators Final_(Reduced Leverage) (Buy Copy),2024,2024-01-01,2024-12-31,83.561,83.561,2.081196123318595,3.0973322706082755,5.220348794616382,16.007,31.799,1.376600596969599,54.183,115.84784798354964,0.7270622974694064,-0.2756706134128619,0.01188940164746815,-0.10903853285636299
Beta Baller with Rotators Final_(Reduced Leverage) (Buy Copy),2024-2025,2024-01-01,2025-12-31,28.477,64.735,0.9393567038464173,1.3085123213039773,0.6104223328333994,46.651,32.393,1.1194790271950774,54.092,113.87161390518656,0.3381077700648964,-0.1610575711758583,0.0066310624489897,-0.08143133579273829
Beta Baller with Rotators Final_(Reduced Leverage) (Buy Copy),2025,2025-01-01,2025-12-31,-11.312,-11.227,-0.20023189067325178,-0.2631995255898169,-0.24247503322462022,46.652,32.936,0.662770169579171,53.815,111.83234964037968,-0.044339118379358514,-0.11592576279170584,0.004721907586553975,-0.06871613774473923
Extended OOS Outliers (FNGG),2021-2022,2021-01-01,2022-12-31,361.034,74.709,4.738582414086714,9.958362936538963,52.40294317557518,6.89,33.889,2.0876914049689064,60.44,88.28053816181624,1.673672664974532,0.4218670120349836,0.09575949447362887,0.3094503101850584
Extended OOS Outliers (FNGG),2022,2022-01-01,2022-12-31,361.034,74.709,4.738582414086714,9.958362936538963,52.40294317557518,6.89,33.889,2.0876914049689064,60.44,88.28053816181624,1.673672664974532,0.4218670120349836,0.09575949447362887,0.3094503101850584
Extended OOS Outliers (FNGG),2022-2023,2022-01-01,2023-12-31,303.916,565.003,5.491635847739277,11.516122391162357,42.83391919352971,7.095,26.181,1.9352415284840963,66.276,77.37435817343723,1.3653315946750129,0.5357115906141411,0.12144401173685303,0.3484881801967651
Extended OOS Outliers (FNGG),2023,2023-01-01,2023-12-31,289.894,285.706,6.128626358301046,12.927605634572753,56.01822461157419,5.175,22.769,1.8190497914885269,68.675,73.33668461789613,1.2238088225501635,0.6913715577527161,0.1580415573853388,0.3975444093247178
Extended OOS Outliers (FNGG),2023-2024,2023-01-01,2024-12-31,293.711,1433.316,5.061509617154223,11.986105082527143,42.78498891334281,6.865,27.95,1.8019070314756522,64.87,68.3283997294651,1.316602113600133,0.41015208889867644,0.03538839597305327,0.1881180373410622
Extended OOS Outliers (FNGG),2024,2024-01-01,2024-12-31,308.354,308.354,4.554198774672633,11.786420196096238,44.92495641040082,6.864,32.19,2.1409916137030147,60.956,63.33612640633264,1.4429385399401538,0.09730764587714708,0.0014456793250007974,0.03802208996097923
Extended OOS Outliers (FNGG),2024-2025,2024-01-01,2025-12-31,137.871,461.948,2.3806126323723498,5.055133055105553,4.770397318633299,28.901,39.573,1.557230959900953,57.685,66.05115251211328,0.6640003864208062,1.3240149654372408,0.30026457642871646,0.5479640284076287
Extended OOS Outliers (FNGG),2025,2025-01-01,2025-12-31,37.912,37.561,0.9129979122751792,1.7931204648267831,1.3159445434182442,28.81,45.703,1.0164533801653746,54.217,68.96929982967883,0.07537954899150387,1.8341040222395182,0.6138359800586796,0.7834768535564274
Extended OOS Outliers 11_25_2024,2021-2022,2021-01-01,2022-12-31,361.034,74.709,4.738582414086714,9.958362936538963,52.40294317557518,6.89,33.889,2.0876914049689064,60.44,88.28053816181624,1.673672664974532,0.4218670120349836,0.09575949447362887,0.3094503101850584
Extended OOS Outliers 11_25_2024,2022,2022-01-01,2022-12-31,361.034,74.709,4.738582414086714,9.958362936538963,52.40294317557518,6.89,33.889,2.0876914049689064,60.44,88.28053816181624,1.673672664974532,0.4218670120349836,0.09575949447362887,0.3094503101850584
Extended OOS Outliers 11_25_2024,2022-2023,2022-01-01,2023-12-31,303.916,565.003,5.491635847739277,11.516122391162357,42.83391919352971,7.095,26.181,1.9352415284840963,66.276,77.37435817343723,1.3653315946750129,0.5357115906141411,0.12144401173685303,0.3484881801967651
Extended OOS Outliers 11_25_2024,2023,2023-01-01,2023-12-31,289.894,285.706,6.128626358301046,12.927605634572753,56.01822461157419,5.175,22.769,1.8190497914885269,68.675,73.33668461789613,1.2238088225501635,0.6913715577527161,0.1580415573853388,0.3975444093247178
Extended OOS Outliers 11_25_2024,2023-2024,2023-01-01,2024-12-31,293.711,1433.316,5.061509617154223,11.986105082527143,42.78498891334281,6.865,27.95,1.8019070314756522,64.87,68.3283997294651,1.316602113600133,0.41015208889867644,0.03538839597305327,0.1881180373410622
Extended OOS Outliers 11_25_2024,2024,2024-01-01,2024-12-31,308.354,308.354,4.554198774672633,11.786420196096238,44.92495641040082,6.864,32.19,2.1409916137030147,60.956,63.33612640633264,1.4429385399401538,0.09730764587714708,0.0014456793250007974,0.03802208996097923
Extended OOS Outliers 11_25_2024,2024-2025,2024-01-01,2025-12-31,137.871,461.948,2.3806126323723498,5.055133055105553,4.770397318633299,28.901,39.573,1.557230959900953,57.685,66.05115251211328,0.6640003864208062,1.3240149654372408,0.30026457642871646,0.5479640284076287
Extended OOS Outliers 11_25_2024,2025,2025-01-01,2025-12-31,37.912,37.561,0.9129979122751792,1.7931204648267831,1.3159445434182442,28.81,45.703,1.0164533801653746,54.217,68.96929982967883,0.07537954899150387,1.8341040222395182,0.6138359800586796,0.7834768535564274
The Futurist | Gobi + Beta Baller 12_27_2024,2023-2024,2023-01-01,2024-12-31,4040.879,488.903,4.788941642902756,10.730897378202624,250.4635516916657,16.134,86.436,2.46911860738291,54.622,50.148218274458394,3.9502174348473136,1.5694138770956563,0.06931448318041168,0.26327643871112294
The Futurist | Gobi + Beta Baller 12_27_2024,2024,2024-01-01,2024-12-31,4040.879,488.903,4.788941642902756,10.730897378202624,250.4635516916657,16.134,86.436,2.46911860738291,54.622,50.148218274458394,3.9502174348473136,1.5694138770956563,0.06931448318041168,0.26327643871112294
The Futurist | Gobi + Beta Baller 12_27_2024,2024-2025,2024-01-01,2025-12-31,353.338,820.014,2.293180797155905,3.9156984157910424,8.202142369786586,43.079,79.963,1.3506313199420152,52.575,49.92249583212544,1.5203951371092117,1.9221956599239265,0.18744940288862685,0.4329542734384624
The Futurist | Gobi + Beta Baller 12_27_2024,2025,2025-01-01,2025-12-31,40.551,40.172,0.8286098652905125,1.2373667721542712,0.9413760993906274,43.076,75.221,1.0319755580182295,51.406,49.890688333478764,0.24454079741395823,2.0318175567460046,0.2780956961001091,0.5273477942497807
Giga-Symph 2025 (Investor Copy) 3_20_25,2022-2023,2022-01-01,2023-12-31,354.515,54.124,5.376315964949589,10.115957814313589,75.56692873022664,4.691,29.435,1.3961225034354288,63.38,106.09833210761768,1.3703457365114882,0.7731476104452079,0.10792508566431497,0.3285195361988613
Giga-Symph 2025 (Investor Copy) 3_20_25,2023,2023-01-01,2023-12-31,354.515,54.124,5.376314351078218,10.115942131874098,75.56692873022664,4.691,29.435,1.3961234403359926,63.38,106.09834914095869,1.3703460516033263,0.7731465592601005,0.1079247237660652,0.32851898539668173
Giga-Symph 2025 (Investor Copy) 3_20_25,2023-2024,2023-01-01,2024-12-31,497.122,894.938,4.868382681897072,10.342536358918803,38.45148913807501,12.929,38.428,1.6438560902208703,60.991,86.97580127507565,1.6143223351952087,1.0691307617016852,0.121663215763108,0.3488025455226897
Giga-Symph 2025 (Investor Copy) 3_20_25,2024,2024-01-01,2024-12-31,545.723,545.723,4.81361745732593,10.439681825843964,42.136892455274754,12.951,40.721,1.7717842219622681,60.558,81.40472052934837,1.6875416131208199,1.1515174275501676,0.12650648014111443,0.3556774945665166
Giga-Symph 2025 (Investor Copy) 3_20_25,2024-2025,2024-01-01,2025-12-31,217.471,898.683,3.022194393314698,5.671466563691595,8.767012743380068,24.806,41.106,1.5469997954955952,56.687,78.64917631596683,0.945199470876495,1.4146009894814209,0.3176669490100275,0.5636195073008274
Giga-Symph 2025 (Investor Copy) 3_20_25,2025,2025-01-01,2025-12-31,57.245,56.681,1.3080631358200192,2.175672626821308,2.3087964119626045,24.794,40.998,1.2978233612238013,53.012,76.10024032524177,0.2542881446941376,1.5127878822801675,0.518950610433983,0.7203822668791778
Better Balance Master | 4.8.25 (Invest Copy),2024-2025,2024-01-01,2025-12-31,21.176,14.444,0.7382422251725943,1.0218663034736204,1.703100706556065,12.434,34.002,0.7692241997904736,57.955,77.09394536416148,-0.45634007780377667,1.6635782132252668,0.3541316089248188,0.5950895805883504
Better Balance Master | 4.8.25 (Invest Copy),2025,2025-01-01,2025-12-31,21.176,14.444,0.7382422251725943,1.0218663034736204,1.703100706556065,12.434,34.002,0.7692241997904736,57.955,77.09394536416148,-0.45634007780377667,1.6635782132252668,0.3541316089248188,0.5950895805883504
NOVA | Best Leverage Mashup w/Vol Check (VIXM) | v1 (Invest Copy) (Invest Copy) (Invest Copy),2021-2022,2021-01-01,2022-12-31,1015.956,84.531,6.39906652322922,16.667768491092186,216.3715423127306,4.695,39.667,2.2683173245263952,58.73,72.2871903550636,2.445570078858709,0.28772196817269496,0.03305340695890388,0.18180595963527676
NOVA | Best Leverage Mashup w/Vol Check (VIXM) | v1 (Invest Copy) (Invest Copy) (Invest Copy),2022,2022-01-01,2022-12-31,1015.956,84.531,6.39906652322922,16.667768491092186,216.3715423127306,4.695,39.667,2.2683173245263952,58.73,72.2871903550636,2.445570078858709,0.28772196817269496,0.03305340695890388,0.18180595963527676
NOVA | Best Leverage Mashup w/Vol Check (VIXM) | v1 (Invest Copy) (Invest Copy) (Invest Copy),2022-2023,2022-01-01,2023-12-31,402.034,646.681,5.738639193331327,13.197889634053992,56.01246662344495,7.178,29.017,2.1170801923431797,63.259,71.66156603842214,1.547438973954838,0.4546536017648947,0.06416183027834974,0.25330185604995026
NOVA | Best Leverage Mashup w/Vol Check (VIXM) | v1 (Invest Copy) (Invest Copy) (Invest Copy),2023,2023-01-01,2023-12-31,304.805,300.337,5.624161667725855,12.09404812090018,42.29836853298516,7.206,25.605,1.9673982256104767,64.257,71.73644415054827,1.2901936091908277,0.6037719453284109,0.09530859938666332,0.30872090856737144
NOVA | Best Leverage Mashup w/Vol Check (VIXM) | v1 (Invest Copy) (Invest Copy) (Invest Copy),2023-2024,2023-01-01,2024-12-31,310.073,1562.867,4.887702721684658,11.57189613382161,22.792638616759437,13.604,29.885,1.8335243483996078,63.673,76.89711358603645,1.3434388322067554,0.49020079283270235,0.04421669199776022,0.21027765453742397
NOVA | Best Leverage Mashup w/Vol Check (VIXM) | v1 (Invest Copy) (Invest Copy) (Invest Copy),2024,2024-01-01,2024-12-31,328.612,328.612,4.540366228863202,11.814936797238415,24.159136601173696,13.602,33.427,1.7603382541800292,63.347,81.91176321414592,1.4348254094544082,0.35018789388292587,0.017362135751336872,0.1317654573525887
NOVA | Best Leverage Mashup w/Vol Check (VIXM) | v1 (Invest Copy) (Invest Copy) (Invest Copy),2024-2025,2024-01-01,2025-12-31,143.743,489.919,3.0836401908367805,5.899156111573962,7.942720929004746,18.097,30.449,1.1971598410422044,60.479,70.99343871630833,0.8506757874247444,0.4202071863998016,0.05108582396029405,0.2260217333804297
NOVA | Best Leverage Mashup w/Vol Check (VIXM) | v1 (Invest Copy) (Invest Copy) (Invest Copy),2025,2025-01-01,2025-12-31,38.609,38.25,1.365804254126298,1.9755876387135634,2.161870119315194,17.859,26.605,0.9976721895416917,57.43,59.96768904420095,0.28170079050367625,0.438111403384955,0.10336048004391221,0.3214972473348912
Uncorrelated Outliers | FM removed and INVERSE  | BT Jun 21 2022 (Invest Copy),2021-2022,2021-01-01,2022-12-31,81.138,16.835,3.356707892070681,5.816515033314035,20.77455836897417,3.906,18.492,1.4546211933260393,58.462,66.40890039797657,0.5396833135214874,0.4725617798112882,0.4167028722100897,0.6455252684520488
Uncorrelated Outliers | FM removed and INVERSE  | BT Jun 21 2022 (Invest Copy),2022,2022-01-01,2022-12-31,81.138,16.835,3.356707892070681,5.816515033314035,20.77455836897417,3.906,18.492,1.4546211933260393,58.462,66.40890039797657,0.5396833135214874,0.4725617798112882,0.4167028722100897,0.6455252684520488
Uncorrelated Outliers | FM removed and INVERSE  | BT Jun 21 2022 (Invest Copy),2022-2023,2022-01-01,2023-12-31,86.514,118.506,4.870255418858501,9.259871928254787,22.14925331574946,3.906,13.028,1.5366942089803013,64.762,59.86988115352233,0.5277215583080329,0.4678859961795426,0.34266489726754795,0.5853758598264435
Uncorrelated Outliers | FM removed and INVERSE  | BT Jun 21 2022 (Invest Copy),2023,2023-01-01,2023-12-31,89.396,88.438,5.780758980336812,11.969587863620562,30.079439639551925,2.972,11.215,1.613813552529131,66.667,57.82873943925444,0.5336684080202454,0.46173710121144174,0.2905790968508145,0.5390538904885248
Uncorrelated Outliers | FM removed and INVERSE  | BT Jun 21 2022 (Invest Copy),2023-2024,2023-01-01,2024-12-31,82.076,229.945,5.00962510580149,10.441792229656953,22.174029805052346,3.701,12.146,1.6172243020609944,62.874,56.75763595496566,0.5098110523871071,0.4125749034175097,0.18960781442977398,0.4354397942652623
Uncorrelated Outliers | FM removed and INVERSE  | BT Jun 21 2022 (Invest Copy),2024,2024-01-01,2024-12-31,78.238,78.238,4.573097352394008,9.885557983706024,25.150771344046163,3.111,12.882,1.7397736320694817,60.159,55.43562381982386,0.5045091994944098,0.3574057320465426,0.12177056745002308,0.34895639763446534
Uncorrelated Outliers | FM removed and INVERSE  | BT Jun 21 2022 (Invest Copy),2024-2025,2024-01-01,2025-12-31,41.995,101.067,1.8396632349730295,3.8788640108210117,2.456075269626761,17.099,20.152,1.160119288603721,54.691,60.55014556942178,0.1858861096077888,0.8801476841250263,0.5116408708090326,0.7152907596278821
Uncorrelated Outliers | FM removed and INVERSE  | BT Jun 21 2022 (Invest Copy),2025,2025-01-01,2025-12-31,12.289,12.186,0.5753343657649121,1.2045962394042358,0.7186651098322586,17.1,25.468,0.8503165555341611,49.398,65.51864010014748,-0.058366087665146935,1.0991680287347825,0.7099548336559113,0.842588175597018
The Holy Grail (Buy Copy),2017,2017-01-01,2017-12-31,179.848,178.708,2.2917272251817,4.73329907650119,12.267589982510705,14.66,50.131,0.9613078383293413,59.6,14.111987326760417,0.9001907401826537,1.2905991847290414,0.029942663322452562,0.17303948486531207
The Holy Grail (Buy Copy),2017-2018,2017-01-01,2018-12-31,90.639,261.576,1.3932434308332406,2.244065112577622,1.9557483059012157,46.345,58.16,0.8458282467726367,57.685,24.143690855986236,0.6186596918149133,2.3993465942278003,0.2861836623860894,0.5349613653209823
The Holy Grail (Buy Copy),2018,2018-01-01,2018-12-31,23.377,23.275,0.64804479409539,0.9385182379888052,0.5044195018746082,46.345,65.151,0.8421287224304332,55.6,34.271972547707705,0.5241922780452857,2.561061565851185,0.44955555500437355,0.6704890416735934
The Holy Grail (Buy Copy),2018-2019,2018-01-01,2019-12-31,80.447,224.85,1.321550580301294,1.9560509412893587,1.7358285699507787,46.345,57.097,0.9653392258530706,57.57,26.605557181188722,0.4393124388620351,2.614506960906043,0.46969733282504245,0.6853446817660749
The Holy Grail (Buy Copy),2019,2019-01-01,2019-12-31,163.019,163.019,2.26754626822961,3.5064225634757182,5.557770659791201,29.332,47.925,0.9713297421002384,59.363,19.07568190711591,0.32532467452633246,2.7216940896712924,0.5067479651889177,0.7118623217932789
The Holy Grail (Buy Copy),2019-2020,2019-01-01,2020-12-31,825.46,8540.726,3.0078666591614223,6.04076053960646,17.666773599998223,46.724,85.653,1.235926410776074,62.897,21.999981513252482,2.287201127260981,1.1488406588806388,0.1146080744487293,0.33853814327004467
The Holy Grail (Buy Copy),2020,2020-01-01,2020-12-31,2990.793,3033.163,3.636914480593441,7.7668724277426735,64.00985601680486,46.724,110.58,1.1913514783497317,66.27,23.99998302162153,3.821348347174661,0.9303993728132179,0.07924319560442362,0.28150167957655886
The Holy Grail (Buy Copy),2020-2021,2020-01-01,2021-12-31,752.25,7225.318,2.862462982936342,5.576053234760344,16.099874933572902,46.724,87.746,1.0446369708259486,62.103,14.999990083300682,2.2091284340204362,1.2701514994341516,0.13468575275007622,0.3669955759271169
The Holy Grail (Buy Copy),2021,2021-01-01,2021-12-31,144.246,144.246,1.9117201766178888,2.8400529887089156,4.739762376512195,30.433,54.848,0.9899031402476672,58.167,6.023902957051004,0.07102678552724692,3.544482212227292,0.6982780150278426,0.8356303100222267
The Holy Grail (Buy Copy),2021-2022,2021-01-01,2022-12-31,314.913,1611.832,2.259911061565353,3.692964492937528,6.562955682447698,47.983,75.898,1.2395816524867598,54.98,34.13542992345375,1.6986807733112195,0.3189941148680525,0.006689151380244405,0.08178723237917032
The Holy Grail (Buy Copy),2022,2022-01-01,2022-12-31,585.737,580.518,2.556525405731828,4.337417004906198,12.207084610388252,47.983,92.367,1.565411013810602,51.6,62.495947062456096,2.2580138191371737,-0.578905818664488,0.023160223093877257,-0.1521848320098861
The Holy Grail (Buy Copy),2022-2023,2022-01-01,2023-12-31,413.892,2489.891,2.5592445093158522,4.31852507448801,8.625739072495909,47.983,75.227,1.3528364759580542,54.2,38.303968299125344,1.9215743476537626,0.11423837815589902,0.0008793052315406908,0.029653081316124482
The Holy Grail (Buy Copy),2023,2023-01-01,2023-12-31,276.271,272.334,2.781437572579888,4.621805790955082,8.690856123192342,31.789,52.949,1.187021188473521,56.627,14.168663532158037,0.8378267661465636,2.557811836191304,0.3999976636759924,0.6324536850046748
The Holy Grail (Buy Copy),2023-2024,2023-01-01,2024-12-31,149.115,516.103,1.9811124247598422,3.031579040725405,4.228202521231922,35.267,53.45,1.1197431670772475,56.487,12.574840581234282,0.28300654731520664,3.2442448085272204,0.6054438002615038,0.7781026926193636
The Holy Grail (Buy Copy),2024,2024-01-01,2024-12-31,74.13,74.13,1.30648759651986,1.8756273696265153,2.1019869008000036,35.267,53.769,0.9530199173259881,56.574,11.043817367602811,-0.23677475010218796,3.9674852667501153,0.8613485701219312,0.9280886650110167
The Holy Grail (Buy Copy),2024-2025,2024-01-01,2025-12-31,89.124,255.876,1.3656518279201297,2.138250013027614,2.291797575996455,38.888,59.291,0.8773031770312838,57.485,15.592801876477788,0.16225688405587393,3.0827858257998995,0.7251266454459472,0.8515436838154266
The Holy Grail (Buy Copy),2025,2025-01-01,2025-12-31,106.653,105.466,1.4345179721816779,2.4155107448929143,2.8713416956384443,37.144,64.579,0.8493853675336827,58.635,20.24094623361093,0.42060184745451795,2.713350352604457,0.6728776961569042,0.8202912264293116
Custom Sisyphus_Pareto_01s90_Nova,2022-2023,2022-01-01,2023-12-31,92.481,65.552,4.073663809851779,8.279142556020375,14.95250528465929,6.185,16.508,2.175005393716561,60.104,47.84851982668052,0.5032601339784258,0.6488221228045536,0.21091076326415617,0.4592502185782345
Custom Sisyphus_Pareto_01s90_Nova,2023,2023-01-01,2023-12-31,92.481,65.552,4.07363781825585,8.279099184683025,14.95234483338472,6.185,16.508,2.1751195684471285,60.104,47.84854704356644,0.503255179562257,0.6488323255440586,0.2109161434991028,0.4592560761700413
Custom Sisyphus_Pareto_01s90_Nova,2023-2024,2023-01-01,2024-12-31,104.096,253.476,4.338206927994778,8.974882622306897,15.03002693101378,6.926,16.828,2.006407593545524,61.124,47.91162652620206,0.5701269943862914,0.6566694071972865,0.22594257289208844,0.4753341697080996
Custom Sisyphus_Pareto_01s90_Nova,2024,2024-01-01,2024-12-31,116.047,116.047,4.6517883231775565,9.922036851683625,16.81617887648386,6.901,16.956,1.8132600966132901,62.151,47.93242767010204,0.6341836841778641,0.6528619946097317,0.23454211642988573,0.48429548462677796
Custom Sisyphus_Pareto_01s90_Nova,2024-2025,2024-01-01,2025-12-31,93.051,270.746,3.845003618401716,7.968281070265753,13.483764814976743,6.901,17.559,1.7335738937309437,59.88,49.45696315520725,0.5918200696852305,0.3966505144178998,0.13688364730248617,0.36997790110016865
Custom Sisyphus_Pareto_01s90_Nova,2025,2025-01-01,2025-12-31,72.916,72.166,3.125728023696007,6.356528469573721,12.842106127603724,5.678,18.124,1.563214088112426,57.831,51.127640801894934,0.5133981459601634,0.284935528839946,0.09420617303180669,0.3069302413119416
ema of Pareto/S9 (watch),2017-2018,2017-01-01,2018-12-31,17.468,0.77,1.9726816142718833,2.9338113113135313,13.86583292463549,1.26,9.097,0.8903367920029318,63.636,61.01778618169129,0.034678509735341215,-0.12224665706117963,0.21756554640011128,-0.466439220477986
ema of Pareto/S9 (watch),2018-2019,2018-01-01,2019-12-31,23.227,24.459,1.0644062170628652,1.625629319224571,1.013289090540324,22.923,21.94,0.9657001008636381,56.274,81.37513232176632,0.14715244864260635,0.3953551818686619,0.06472821412644031,0.2544174013829249
ema of Pareto/S9 (watch),2019,2019-01-01,2019-12-31,23.82,23.82,1.069687921063698,1.634213658286296,1.039135099232738,22.923,22.373,0.9380415756248708,56.175,82.59106251205587,0.08157922604183163,0.5638902644056399,0.09980518403063529,0.31591958475320153
ema of Pareto/S9 (watch),2019-2020,2019-01-01,2020-12-31,131.173,436.19,2.386101715270911,5.177805695202634,5.722451497505087,22.923,38.056,1.254266647364891,58.333,76.64266389795634,0.8826657190826994,0.10090661149436513,0.004478879739928036,0.06692443305645582
ema of Pareto/S9 (watch),2020,2020-01-01,2020-12-31,321.133,323.542,3.1980645485203203,7.7617329824039825,27.487234121754465,11.683,48.632,1.6028537733214594,60.317,70.02213825998327,1.5474260166382043,0.0365040596645823,0.0006306893250379073,0.02511352872532865
ema of Pareto/S9 (watch),2020-2021,2020-01-01,2021-12-31,164.729,603.525,2.799053778524036,6.474932821056386,14.099882433952162,11.683,37.197,1.5257208947015504,57.143,75.69972159764994,1.0155521520323556,0.10749197990573989,0.005367925682430238,0.07326612916232328
ema of Pareto/S9 (watch),2021,2021-01-01,2021-12-31,67.118,67.118,2.71907590922157,4.974861636408699,8.096303317486068,8.29,19.684,1.3015043978101082,54.183,81.66800848134962,0.37358223020902204,0.586083077676601,0.14823454995905885,0.38501240234446843
ema of Pareto/S9 (watch),2021-2022,2021-01-01,2022-12-31,48.1,118.993,2.2007252527194003,3.7900773001107737,3.412300405870768,14.096,18.68,1.2493933297134392,50.797,81.49694346152214,0.4013665218406647,0.1874100089672769,0.03811640875511871,0.19523424073435147
ema of Pareto/S9 (watch),2022,2022-01-01,2022-12-31,30.168,30.031,1.5865551193067173,2.551487048640648,2.13183399070546,14.151,17.669,1.3350163527656684,47.6,81.04517435689687,0.2932153246458732,0.07218126973857777,0.009839863687842855,0.0991960870591318
ema of Pareto/S9 (watch),2022-2023,2022-01-01,2023-12-31,77.493,212.892,2.965765329916226,5.730446792882245,5.476158042469551,14.151,20.076,1.527206553482333,54.8,75.67555064764542,0.588570876613954,0.21234745052066636,0.04265793880207396,0.20653798392081288
ema of Pareto/S9 (watch),2023,2023-01-01,2023-12-31,139.012,137.365,4.073214122687223,9.210578849861724,27.349499699400063,5.083,22.101,1.8077920144535933,61.847,70.59695694123731,0.733350120009239,0.6723288025554365,0.15861958107365587,0.3982707384100116
ema of Pareto/S9 (watch),2023-2024,2023-01-01,2024-12-31,95.041,278.397,3.160857937076547,5.905793195174598,8.520290064825517,11.155,21.958,1.5475701957206833,60.479,67.68615016110581,0.527241875326417,0.6974962920356789,0.16582211881082845,0.40721262113400714
ema of Pareto/S9 (watch),2024,2024-01-01,2024-12-31,62.518,62.518,2.3547727571854407,3.8434030071212875,5.60719883188542,11.15,21.719,1.3797216451528178,59.363,64.83901930239948,0.341708869433761,0.7169079865794775,0.17237020099063385,0.41517490409541113
ema of Pareto/S9 (watch),2024-2025,2024-01-01,2025-12-31,56.517,144.106,2.3903034676131507,3.833381268880801,5.069034636259639,11.149,19.597,1.4000079904970928,58.084,69.55917960960302,0.38942178804618355,0.37613249856313324,0.0988169491191045,0.314351632919418
ema of Pareto/S9 (watch),2025,2025-01-01,2025-12-31,50.518,50.03,2.463897478169715,3.855555909280363,5.132712800931684,9.842,17.281,1.4475418103712587,56.225,74.59721069757036,0.382338346983174,0.23306574198097954,0.06933089026752692,0.2633075962966639
Custom_Giga_Ema (Buy Copy),2023-2024,2023-01-01,2024-12-31,143.091,105.253,4.310946741546598,7.806468135499607,17.625153147563424,8.119,21.263,1.8101542730976794,58.621,73.21650209778521,0.7822243088148371,0.7457437974949488,0.2014767013224769,0.44886156142231304
Custom_Giga_Ema (Buy Copy),2024,2024-01-01,2024-12-31,143.091,105.253,4.310946741546598,7.806468135499607,17.625153147563424,8.119,21.263,1.8101542730976794,58.621,73.21650209778521,0.7822243088148371,0.7457437974949488,0.2014767013224769,0.44886156142231304
Custom_Giga_Ema (Buy Copy),2024-2025,2024-01-01,2025-12-31,90.783,220.197,3.291023255847974,5.654884147278051,9.356431982863826,9.703,20.32,1.4925959735931715,57.837,73.58977499546495,0.5590239570436549,0.6032483676904915,0.24887540206023478,0.4988741344870816
Custom_Giga_Ema (Buy Copy),2025,2025-01-01,2025-12-31,56.783,56.225,2.4192515331518987,3.952770683287479,5.858961608191272,9.692,19.455,1.5096168422360579,57.43,74.14886645750971,0.3683277846347976,0.5490512093348141,0.30356197398988677,0.5509645850595906
NOVA | KMLM switcher | Crypto Juice (single pops) | (public) w/ Pre FR WM 74 (Buy Copy),2022-2023,2022-01-01,2023-12-31,17399.549,73.91,6.42255368949947,10.890227981841743,1331.5995182459467,13.067,90.63,0.938036791606178,69.231,121.16859447745279,6.170655225999922,-0.6948024216212754,0.004215961977898237,-0.06493043953261242
NOVA | KMLM switcher | Crypto Juice (single pops) | (public) w/ Pre FR WM 74 (Buy Copy),2023,2023-01-01,2023-12-31,17399.549,73.91,6.42255368949947,10.890227981841743,1331.5995182459467,13.067,90.63,0.938036791606178,69.231,121.16859447745279,6.170655225999922,-0.6948024216212754,0.004215961977898237,-0.06493043953261242
NOVA | KMLM switcher | Crypto Juice (single pops) | (public) w/ Pre FR WM 74 (Buy Copy),2023-2024,2023-01-01,2024-12-31,812.064,1055.807,3.2616331710159585,7.404437822100096,50.609064414615304,16.046,76.61,1.947230011882694,53.597,96.08692058407898,2.4045958373043512,0.3680446377890143,0.003459527703640723,0.05881774990290536
NOVA | KMLM switcher | Crypto Juice (single pops) | (public) w/ Pre FR WM 74 (Buy Copy),2024,2024-01-01,2024-12-31,530.901,530.901,2.8176642471093905,6.789680690043943,33.086323803676144,16.046,74.922,2.212245365135373,51.793,92.86757794673677,2.0132942272682635,0.4129811315514901,0.00480666475108403,0.06933011431610386
NOVA | KMLM switcher | Crypto Juice (single pops) | (public) w/ Pre FR WM 74 (Buy Copy),2024-2025,2024-01-01,2025-12-31,248.505,1102.581,2.140868540616756,4.474540636652278,8.90293975862368,27.913,68.798,1.4738233950628319,50.699,103.10665906319016,1.2340684973609755,1.137020377679185,0.07326551361777052,0.2706760307411251
NOVA | KMLM switcher | Crypto Juice (single pops) | (public) w/ Pre FR WM 74 (Buy Copy),2025,2025-01-01,2025-12-31,91.413,90.429,1.3446973394559547,2.4033066463525934,3.2747692580564345,27.914,62.058,1.1999579226350905,49.799,113.8419084516102,0.5667656257889045,1.4362332574172432,0.20415408648832986,0.4518341360370306
Custom Growth Blend v2.2 RL + EMA (Buy Copy),2024-2025,2024-01-01,2025-12-31,119.634,62.753,2.741045804985842,4.49399075448259,9.217650271201194,12.979,30.629,1.113745784541905,57.419,102.82494178737336,0.5431940000774778,1.195465974198994,0.18740357793145043,0.4329013489600725
Custom Growth Blend v2.2 RL + EMA (Buy Copy),2025,2025-01-01,2025-12-31,119.634,62.753,2.741045804985842,4.49399075448259,9.217650271201194,12.979,30.629,1.113745784541905,57.419,102.82494178737336,0.5431940000774778,1.195465974198994,0.18740357793145043,0.4329013489600725
Giga-Symph 2025 (Investor Copy),2022-2023,2022-01-01,2023-12-31,354.515,54.124,5.376315964949589,10.115957814313589,75.56692873022664,4.691,29.435,1.3961225034354288,63.38,106.09833210761768,1.3703457365114882,0.7731476104452079,0.10792508566431497,0.3285195361988613
Giga-Symph 2025 (Investor Copy),2023,2023-01-01,2023-12-31,354.515,54.124,5.376314351078218,10.115942131874098,75.56692873022664,4.691,29.435,1.3961234403359926,63.38,106.09834914095869,1.3703460516033263,0.7731465592601005,0.1079247237660652,0.32851898539668173
Giga-Symph 2025 (Investor Copy),2023-2024,2023-01-01,2024-12-31,497.122,894.938,4.868382681897072,10.342536358918803,38.45148913807501,12.929,38.428,1.6438560902208703,60.991,86.97580127507565,1.6143223351952087,1.0691307617016852,0.121663215763108,0.3488025455226897
Giga-Symph 2025 (Investor Copy),2024,2024-01-01,2024-12-31,545.723,545.723,4.81361745732593,10.439681825843964,42.136892455274754,12.951,40.721,1.7717842219622681,60.558,81.40472052934837,1.6875416131208199,1.1515174275501676,0.12650648014111443,0.3556774945665166
Giga-Symph 2025 (Investor Copy),2024-2025,2024-01-01,2025-12-31,217.471,898.683,3.022194393314698,5.671466563691595,8.767012743380068,24.806,41.106,1.5469997954955952,56.687,78.64917631596683,0.945199470876495,1.4146009894814209,0.3176669490100275,0.5636195073008274
Giga-Symph 2025 (Investor Copy),2025,2025-01-01,2025-12-31,57.245,56.681,1.3080631358200192,2.175672626821308,2.3087964119626045,24.794,40.998,1.2978233612238013,53.012,76.10024032524177,0.2542881446941376,1.5127878822801675,0.518950610433983,0.7203822668791778
v2 | Community Discovery Symphony | NOVA (Invest Copy),2020-2021,2020-01-01,2021-12-31,29.36,3.852,6.5200058018965334,15.649862184546233,60.54344858552797,0.485,4.072,1.5763643710103765,55.556,47.125410254240926,0.2573833986012828,0.05428804215710848,0.04702528936862018,0.21685315162252122
v2 | Community Discovery Symphony | NOVA (Invest Copy),2021,2021-01-01,2021-12-31,29.359,3.852,6.519744970998988,15.649046407373783,60.539949798456135,0.485,4.072,1.5763661556917052,55.556,47.12541854434686,0.2573714191399385,0.05427782234310201,0.047008609224676944,0.21681468867370804
v2 | Community Discovery Symphony | NOVA (Invest Copy),2021-2022,2021-01-01,2022-12-31,28.619,33.328,3.1747858677358725,6.851081357762741,7.0457503866265645,4.062,8.06,1.897756293717086,54.007,59.96769451028407,0.2701922314113967,0.10856127680749775,0.09913963577070116,0.3148644720680648
v2 | Community Discovery Symphony | NOVA (Invest Copy),2022,2022-01-01,2022-12-31,28.667,28.538,3.0235428457581937,6.486361495092789,7.056732737269434,4.062,8.492,1.9249273067745276,54.0,62.01452865331549,0.27700378240357915,0.11339461986363311,0.10513173623011499,0.3242402446182691
v2 | Community Discovery Symphony | NOVA (Invest Copy),2022-2023,2022-01-01,2023-12-31,25.938,58.17,2.942527628508218,6.19604431459446,6.384718241982547,4.063,7.963,1.7429097356424883,55.8,52.64846706948248,0.2305194657634003,0.11812800335767804,0.08390268009394831,0.2896595934781866
v2 | Community Discovery Symphony | NOVA (Invest Copy),2023,2023-01-01,2023-12-31,23.014,22.812,2.846245678757005,5.863195234891864,7.823000915365707,2.942,7.404,1.5012631618599384,57.831,42.966228272244706,0.17565332467029113,0.14137487024510767,0.06248915398965091,0.24997830703813262
v2 | Community Discovery Symphony | NOVA (Invest Copy),2023-2024,2023-01-01,2024-12-31,25.027,56.042,3.2538978157190535,7.055288718695996,8.50726515512639,2.942,6.955,1.706412005244365,58.283,41.467834246479704,0.19316293312631133,0.13854750093344065,0.06521991167074846,0.2553818937801748
v2 | Community Discovery Symphony | NOVA (Invest Copy),2024,2024-01-01,2024-12-31,27.498,27.498,3.794946593341976,8.973699498438545,11.87542737941307,2.316,6.485,1.6533401162005503,58.964,39.89427430732783,0.21383391185091558,0.13629038624128553,0.06987615710580321,0.2643409864281421
v2 | Community Discovery Symphony | NOVA (Invest Copy),2024-2025,2024-01-01,2025-12-31,17.032,36.795,2.385620468746653,4.100291145395145,2.795323611584403,6.093,6.702,1.3839092820079002,56.487,41.83667634477737,0.11708368706224656,0.20375749133374038,0.24795131789870226,0.497947103514723
v2 | Community Discovery Symphony | NOVA (Invest Copy),2025,2025-01-01,2025-12-31,7.56,7.498,1.0959363658248098,1.5780984036241,1.4366461290595234,5.262,6.894,1.056377284315878,54.217,43.80487011997594,0.03235349033120216,0.23175710974539132,0.43073870620555316,0.6563068689306498
NOVA | Best Leverage Mashup w/Vol Check (VIXM) | v1 (Invest Copy),2021-2022,2021-01-01,2022-12-31,1015.956,84.531,6.39906652322922,16.667768491092186,216.3715423127306,4.695,39.667,2.2683173245263952,58.73,72.2871903550636,2.445570078858709,0.28772196817269496,0.03305340695890388,0.18180595963527676
NOVA | Best Leverage Mashup w/Vol Check (VIXM) | v1 (Invest Copy),2022,2022-01-01,2022-12-31,1015.956,84.531,6.39906652322922,16.667768491092186,216.3715423127306,4.695,39.667,2.2683173245263952,58.73,72.2871903550636,2.445570078858709,0.28772196817269496,0.03305340695890388,0.18180595963527676
NOVA | Best Leverage Mashup w/Vol Check (VIXM) | v1 (Invest Copy),2022-2023,2022-01-01,2023-12-31,402.034,646.681,5.738639193331327,13.197889634053992,56.01246662344495,7.178,29.017,2.1170801923431797,63.259,71.66156603842214,1.547438973954838,0.4546536017648947,0.06416183027834974,0.25330185604995026
NOVA | Best Leverage Mashup w/Vol Check (VIXM) | v1 (Invest Copy),2023-2024,2023-01-01,2024-12-31,310.073,1562.867,4.8877028561818525,11.571896616713376,22.792639526738036,13.604,29.885,1.8335243483996078,63.673,76.89711346715282,1.343438864511387,0.4902007822993788,0.044216690727688225,0.21027765151743594
NOVA | Best Leverage Mashup w/Vol Check (VIXM) | v1 (Invest Copy),2024,2024-01-01,2024-12-31,328.612,328.612,4.540366228863202,11.814936797238415,24.159136601173696,13.602,33.427,1.7603382541800292,63.347,81.91176321414592,1.4348254094544082,0.35018789388292587,0.017362135751336872,0.1317654573525887
NOVA | Best Leverage Mashup w/Vol Check (VIXM) | v1 (Invest Copy),2024-2025,2024-01-01,2025-12-31,143.743,489.919,3.0836401908367805,5.899156111573962,7.942720929004746,18.097,30.449,1.1971598410422044,60.479,70.9934384585375,0.8506757874247444,0.4202071863998016,0.05108582396029405,0.2260217333804297
NOVA | Best Leverage Mashup w/Vol Check (VIXM) | v1 (Invest Copy),2025,2025-01-01,2025-12-31,38.609,38.25,1.365804254126298,1.9755876387135634,2.161870119315194,17.859,26.605,0.9976721895416917,57.43,59.96768904420095,0.28170079050367625,0.438111403384955,0.10336048004391221,0.3214972473348912
BTC/FAANGT Rally + VIX Checks 7/18/2023 (Invest Copy) (Buy Copy),2022-2023,2022-01-01,2023-12-31,3142.326,110.744,4.460478887155893,9.277217109717961,165.91928101184092,18.939,88.35,1.590157468114749,52.83,93.8265352862957,3.6922206105106943,0.510660269602448,0.004981355309161491,0.07057871711189918
BTC/FAANGT Rally + VIX Checks 7/18/2023 (Invest Copy) (Buy Copy),2023,2023-01-01,2023-12-31,3142.326,110.744,4.460478887155893,9.277217109717961,165.91928101184092,18.939,88.35,1.590157468114749,52.83,93.8265352862957,3.6922206105106943,0.510660269602448,0.004981355309161491,0.07057871711189918
BTC/FAANGT Rally + VIX Checks 7/18/2023 (Invest Copy) (Buy Copy),2023-2024,2023-01-01,2024-12-31,1351.997,2476.075,3.4956140303890524,7.23924967851253,53.95369221713986,25.058,87.546,1.4268053073885199,55.41,97.80157208084084,2.9603140849520364,0.36379343273926146,0.002699512717048236,0.05195683513310098
BTC/FAANGT Rally + VIX Checks 7/18/2023 (Invest Copy) (Buy Copy),2024,2024-01-01,2024-12-31,1058.61,1058.61,3.2327439969505014,6.689757322785085,55.30181833396807,19.142,87.585,1.3764824184482318,55.777,98.76062643836136,2.7501920268330524,0.3429691231172132,0.002425837571455669,0.04925279252444138
BTC/FAANGT Rally + VIX Checks 7/18/2023 (Invest Copy) (Buy Copy),2024-2025,2024-01-01,2025-12-31,227.833,964.662,1.9146493134746019,3.3439455028544876,5.062025966627943,45.008,77.29,1.1118202009327325,53.693,94.38581600868184,1.2617923686900123,1.038154462959288,0.04839393091939547,0.2199862062025605
BTC/FAANGT Rally + VIX Checks 7/18/2023 (Invest Copy) (Buy Copy),2025,2025-01-01,2025-12-31,-7.387,-7.331,0.20414604977659975,0.28509903130050496,-0.16641050500071636,44.392,64.49,0.918493763200387,51.807,89.94181352274582,-0.11428359437194623,1.3193495026931727,0.1595275959081239,0.3994090583701425
Holy Grail simplified (Invest Copy) (Buy Copy),2017,2017-01-01,2017-12-31,221.748,220.26,2.6031265774636037,5.612785846283806,15.12562624090546,14.66,49.394,1.141337183227487,60.8,16.127985499064927,1.0290886098087446,1.3322744410406062,0.032866674252180685,0.18129168279924118
Holy Grail simplified (Invest Copy) (Buy Copy),2017-2018,2017-01-01,2018-12-31,85.859,243.74,1.3558271078654305,2.1621071012226496,1.612880622185887,53.233,57.719,0.9011749126495378,57.485,23.137704545367438,0.5783718940197813,2.5564386944409097,0.32986802378150737,0.5743413826127344
Holy Grail simplified (Invest Copy) (Buy Copy),2018,2018-01-01,2018-12-31,1.996,1.988,0.3542638154763098,0.5011502574052018,0.03749883525315029,53.234,64.835,0.8224621678845493,54.0,30.23997161258494,0.33846316124705117,2.7316430887492382,0.5164351343874617,0.7186342145956187
Holy Grail simplified (Invest Copy) (Buy Copy),2018-2019,2018-01-01,2019-12-31,73.499,200.361,1.256979847832977,1.8366894698553302,1.3806833649707464,53.234,56.778,0.9653333972378476,57.57,24.597588109314437,0.38903659537118285,2.692441365608333,0.5037301581059255,0.7097395001730744
Holy Grail simplified (Invest Copy) (Buy Copy),2019,2019-01-01,2019-12-31,192.67,192.67,2.5108049380490556,3.914769303787159,9.067845736065658,21.248,47.487,0.9713299866292061,60.956,19.07568022176509,0.46005468620139717,2.617556785665632,0.47738640998584636,0.6909315523160354
Holy Grail simplified (Invest Copy) (Buy Copy),2019-2020,2019-01-01,2020-12-31,550.954,4169.024,2.5890798819405685,4.6640894197907725,9.476478548482632,58.139,86.32,1.1595773282193416,63.492,19.99998355360848,1.8361427553774654,1.5844283250261673,0.21463586584064376,0.4632881024164594
Holy Grail simplified (Invest Copy) (Buy Copy),2020,2020-01-01,2020-12-31,1276.745,1291.147,2.882291969293895,5.339136790417302,21.96017495041711,58.139,112.191,1.069095906672116,65.873,19.99998430469961,2.9234273470794574,1.4406235043409623,0.18457110360475373,0.42961739211157846
Holy Grail simplified (Invest Copy) (Buy Copy),2020-2021,2020-01-01,2021-12-31,457.234,3026.333,2.3692418726438245,4.175292789558155,7.864475437920292,58.139,88.547,0.9844085098058082,61.706,11.999991821424542,1.6892425689362065,1.7155097640389876,0.24126820645691055,0.4911906009452039
Holy Grail simplified (Invest Copy) (Buy Copy),2021,2021-01-01,2021-12-31,134.772,134.772,1.83829921258828,2.728205248134525,4.428467180622092,30.433,54.879,0.9899032575748281,57.769,4.015935985946708,0.028202851947274465,3.5557884419426276,0.7019541838642626,0.8378270608331188
Holy Grail simplified (Invest Copy) (Buy Copy),2021-2022,2021-01-01,2022-12-31,195.966,772.198,1.8088913647866074,2.8611803222561654,3.6268171807253244,54.033,76.178,1.1882359233521977,54.582,29.617505067558945,1.3694640447387816,0.16393237881115477,0.0017536527725966402,0.04187663755122467
Holy Grail simplified (Invest Copy) (Buy Copy),2022,2022-01-01,2022-12-31,262.57,260.721,1.8550394486809985,3.0077817804425817,4.859461167269828,54.033,92.937,1.4056582857599949,51.2,55.43994930666537,1.5826330693969293,-0.7918251393109591,0.042799601452675966,-0.20688064542792775
Holy Grail simplified (Invest Copy) (Buy Copy),2022-2023,2022-01-01,2023-12-31,255.79,1146.88,2.0624861860513213,3.3570450833689143,4.733979315432127,54.033,75.53,1.3396554376171745,53.8,37.29596676690273,1.5583577753859266,-0.01774128371788672,2.103803430476878e-05,-0.0045867237005044
Holy Grail simplified (Invest Copy) (Buy Copy),2023,2023-01-01,2023-12-31,241.489,238.176,2.5971460588676254,4.292967481219477,7.596691518869115,31.789,52.934,1.1870234373954196,56.225,19.22890043704355,0.7105224325091766,2.6759883764077874,0.43806111394869846,0.6618618541272027
Holy Grail simplified (Invest Copy) (Buy Copy),2023-2024,2023-01-01,2024-12-31,137.659,460.951,1.892891363733496,2.88897580851206,3.903370716606338,35.267,53.436,1.119747720480275,56.487,14.083821901329898,0.22072159238788566,3.306419023049402,0.6291975320574704,0.7932197249548643
Holy Grail simplified (Invest Copy) (Buy Copy),2024,2024-01-01,2024-12-31,74.557,74.557,1.310846482605992,1.8814262108209696,2.1140905039161053,35.267,53.784,0.9530199274825885,56.972,9.035852425255865,-0.23478634708289964,3.969860305569648,0.8618739304436281,0.9283716553426371
Holy Grail simplified (Invest Copy) (Buy Copy),2024-2025,2024-01-01,2025-12-31,104.129,314.334,1.4497551610260402,2.290827921412384,2.9526085572510263,35.267,62.437,0.9929292828307833,57.485,13.580829151008574,0.3434768875872547,2.6745109503520257,0.4921670185342302,0.7015461627963125
Holy Grail simplified (Invest Copy) (Buy Copy),2025,2025-01-01,2025-12-31,140.298,138.632,1.5879688967155206,2.6863948554243584,4.72372786539863,29.701,70.273,1.0824610091312377,58.233,18.21685608166233,0.7182030878383852,2.1335571973266134,0.3513439296663694,0.5927427179361796
[*] VT | QQQ Indicator | Template (Buy Copy),2021-2022,2021-01-01,2022-12-31,-72.361,-62.268,-0.8894556100222031,-1.2033067523252947,-1.0786054108203298,67.087,94.551,0.7850615430495456,45.263,13.263162928493784,-0.17199420708676608,3.475889172059479,0.8525119715066093,0.9233157485425066
[*] VT | QQQ Indicator | Template (Buy Copy),2022,2022-01-01,2022-12-31,-72.361,-62.268,-0.8894556100222031,-1.2033067523252947,-1.0786054108203298,67.087,94.551,0.7850615430495456,45.263,13.263162928493784,-0.17199420708676608,3.475889172059479,0.8525119715066093,0.9233157485425066
[*] VT | QQQ Indicator | Template (Buy Copy),2022-2023,2022-01-01,2023-12-31,21.042,39.681,0.630274883103696,0.8996303430951825,0.3136463363510061,67.087,73.873,1.0162330218027897,52.5,18.51818927006075,0.2757285744257526,3.4549441001297527,0.8102241838311851,0.9001245379563791
[*] VT | QQQ Indicator | Template (Buy Copy),2023,2023-01-01,2023-12-31,282.409,278.36,2.835631719649731,4.698087063727831,8.368816513658034,33.745,52.415,1.2467170062307993,58.233,22.602424352968775,0.6528270870192597,3.3576705251931265,0.7034039451397059,0.838691805814094
[*] VT | QQQ Indicator | Template (Buy Copy),2023-2024,2023-01-01,2024-12-31,280.93,1335.757,2.888937443645737,4.581517602268974,8.324985277413926,33.745,51.004,1.2094978094423647,60.679,38.31140754202316,0.7186348581250984,3.1562049382993944,0.629303240722486,0.7932863548066902
[*] VT | QQQ Indicator | Template (Buy Copy),2024,2024-01-01,2024-12-31,299.32,299.32,3.0663839719490795,4.6878098779394834,13.626562744809915,21.966,49.456,1.2295193607833614,63.347,54.04784304751792,0.8239767326244233,2.925332668726407,0.5534995080495896,0.7439754754355749
[*] VT | QQQ Indicator | Template (Buy Copy),2024-2025,2024-01-01,2025-12-31,142.964,486.169,1.9527554262272542,2.8045374168017596,2.614844217013137,54.674,52.852,0.9336779623836404,60.679,37.975848795089135,0.5032218584449075,2.518067049356731,0.6088620144082397,0.7802961068775364
[*] VT | QQQ Indicator | Template (Buy Copy),2025,2025-01-01,2025-12-31,48.034,47.574,0.9863582298998483,1.3539174170489796,0.8981112658745086,53.484,56.085,0.8705892187503304,58.233,21.927335162579165,0.11608538224123466,2.3449505808215703,0.6662995497016169,0.8162717376594738
Custom Foreign RINF mod updated with 1x below spy200d and reduced lev FRs _ EMA (Buy Copy),2018-2019,2018-01-01,2019-12-31,16.562,11.162,0.8311867281544287,1.0967293181437543,1.0409665423125352,15.91,21.287,1.052096522508873,56.647,71.79811112443254,0.008254145347547301,0.989179003007055,0.34433064537006186,0.586796937083061
Custom Foreign RINF mod updated with 1x below spy200d and reduced lev FRs _ EMA (Buy Copy),2019,2019-01-01,2019-12-31,16.562,11.162,0.8311864303064993,1.0967289833575515,1.0409665423125352,15.91,21.287,1.052096522508873,56.647,71.798119135739,0.008253945780020634,0.9891803005725772,0.34433121750286566,0.5867974245877922
Custom Foreign RINF mod updated with 1x below spy200d and reduced lev FRs _ EMA (Buy Copy),2019-2020,2019-01-01,2020-12-31,124.519,293.713,2.367095809666875,4.734150619031404,7.129798427720065,17.465,37.056,1.4359104532857232,56.338,65.1228278980133,0.8435217715614207,0.16629338521291895,0.014622702228084063,0.12092436573364387
Custom Foreign RINF mod updated with 1x below spy200d and reduced lev FRs _ EMA (Buy Copy),2020,2020-01-01,2020-12-31,248.217,249.945,3.0386926574310746,6.728940332162265,14.2123847010937,17.465,44.366,1.4910790043207154,56.349,59.929858015962154,1.3258000089239779,0.10382158766027126,0.00612980721014582,0.07829308532779776
Custom Foreign RINF mod updated with 1x below spy200d and reduced lev FRs _ EMA (Buy Copy),2020-2021,2020-01-01,2021-12-31,139.964,477.829,2.706649388571328,5.634209197994885,8.014062444511127,17.465,34.555,1.5069451912057832,55.357,66.45872620004594,0.9068194326313734,0.11944757054085198,0.0076808047927702065,0.08764020078006557
Custom Foreign RINF mod updated with 1x below spy200d and reduced lev FRs _ EMA (Buy Copy),2021,2021-01-01,2021-12-31,67.06,67.06,2.6557377970855907,4.409981872817189,5.823676172493979,11.515,20.182,1.2337096659945646,54.582,72.7840245785651,0.47533932339803264,0.2198470679448439,0.01984157377565692,0.14086012131067088
Custom Foreign RINF mod updated with 1x below spy200d and reduced lev FRs _ EMA (Buy Copy),2021-2022,2021-01-01,2022-12-31,62.113,162.304,2.7690469813288594,4.583121724888455,5.3940490294748304,11.515,18.087,1.1702621312829975,56.773,70.58342751218437,0.5000115909105419,0.015657939110600858,0.00028381011139827267,0.016846664696558565
Custom Foreign RINF mod updated with 1x below spy200d and reduced lev FRs _ EMA (Buy Copy),2022,2022-01-01,2022-12-31,56.348,56.071,2.932587838937482,4.843194481467,7.318209604411529,7.7,15.733,1.2995235272375993,58.8,68.15314328317199,0.4539238407534091,-0.041846009708268454,0.004170825686680035,-0.06458193003216949
Custom Foreign RINF mod updated with 1x below spy200d and reduced lev FRs _ EMA (Buy Copy),2022-2023,2022-01-01,2023-12-31,115.8,361.451,4.323750224014493,8.489103634727329,15.039565818112568,7.7,18.233,1.5486029706989701,60.0,66.89503288940318,0.7870182928848223,0.04099615265830894,0.0019277458587563109,0.04390610275071463
Custom Foreign RINF mod updated with 1x below spy200d and reduced lev FRs _ EMA (Buy Copy),2023,2023-01-01,2023-12-31,197.271,194.712,5.510336537712281,12.347640074858202,41.7629184785122,4.724,20.26,1.9005509512949217,61.847,65.45915174597245,1.0428491190846065,0.29636797142647225,0.036677718864189676,0.19151427848646083
Custom Foreign RINF mod updated with 1x below spy200d and reduced lev FRs _ EMA (Buy Copy),2023-2024,2023-01-01,2024-12-31,153.153,536.157,4.616007732167371,9.004725954836443,20.150024349171357,7.601,20.657,1.618690793657041,60.479,61.46445738666347,0.8531628648844253,0.41960825208571534,0.06781111442444207,0.26040567279620097
Custom Foreign RINF mod updated with 1x below spy200d and reduced lev FRs _ EMA (Buy Copy),2024,2024-01-01,2024-12-31,121.437,121.437,3.942226111920826,7.0703886910811775,15.976257033042513,7.601,20.823,1.3824386983245363,59.363,57.309526666089916,0.692447375915621,0.5425509832968576,0.10739929338661179,0.327718314084843
Custom Foreign RINF mod updated with 1x below spy200d and reduced lev FRs _ EMA (Buy Copy),2024-2025,2024-01-01,2025-12-31,88.893,255.009,3.4366980653107966,6.2373393793047525,10.571909826332073,8.408,19.093,1.6292980153434338,56.287,62.60306912321946,0.5751651048628686,0.38569796420349806,0.10945999210895224,0.3308473849208306
Custom Foreign RINF mod updated with 1x below spy200d and reduced lev FRs _ EMA (Buy Copy),2025,2025-01-01,2025-12-31,60.78,60.175,2.8619840771647795,5.281736435420619,7.23310413360519,8.403,17.185,1.6405475715818256,53.012,68.0478371861497,0.43224983364656905,0.319586602916457,0.1318244280188536,0.36307633910632847
Combined Wild West and RSI Frankenfest,2021,2021-01-01,2021-12-31,121.075,56.86,3.9609799225055933,8.145098760510407,18.595974280147317,6.511,20.733,1.499848774343546,61.268,82.97288743928192,0.6597776301256046,0.7072269728058649,0.17489151331691988,0.418200326777634
Combined Wild West and RSI Frankenfest,2021-2022,2021-01-01,2022-12-31,58.532,105.533,2.1393233178812228,3.6367518512504864,3.91682698325106,14.944,22.818,1.2272391578692068,54.198,87.20687620304689,0.5034513298455788,0.5587495964506756,0.25802999939231785,0.5079665337326051
Combined Wild West and RSI Frankenfest,2022,2022-01-01,2022-12-31,27.46,27.337,1.1429010136639786,1.8089979923512407,1.8270599995159236,15.03,23.776,1.023453344506572,50.0,89.09786289542741,0.36669122999896436,0.5318182193357175,0.2950011208680318,0.5431400564016907
Combined Wild West and RSI Frankenfest,2022-2023,2022-01-01,2023-12-31,52.239,130.611,1.9396816347067751,3.3660866302960533,3.475739838113678,15.03,23.083,1.3251908714617262,52.4,92.28378500348543,0.42803885931265157,0.6113519123964629,0.2674643653423947,0.5171695711682917
Combined Wild West and RSI Frankenfest,2023,2023-01-01,2023-12-31,79.403,78.573,2.7355160514769556,5.392967142588497,10.490865316877331,7.569,22.369,1.4243435703859355,54.618,95.22949057273314,0.39217094185886586,0.8851915291574769,0.26842895112367304,0.5181012942694441
Combined Wild West and RSI Frankenfest,2023-2024,2023-01-01,2024-12-31,84.447,238.557,2.7694323913608714,5.249883106984802,9.71985099011456,8.688,23.125,1.470141563269521,55.09,91.25974709370563,0.4111347673037113,0.9587377823897794,0.28247475979497166,0.5314835461187596
Combined Wild West and RSI Frankenfest,2024,2024-01-01,2024-12-31,92.434,92.434,2.8730806964163405,5.3024159048908155,10.638942114208364,8.688,23.881,1.6116908099336091,55.777,87.07353492676299,0.4414865663237105,1.0334081224796574,0.2962298387557542,0.544270005379457
Combined Wild West and RSI Frankenfest,2024-2025,2024-01-01,2025-12-31,76.697,210.812,2.7012904693932844,4.844573927837285,7.723609044098853,9.93,22.028,1.444169791568493,55.489,88.06002512333566,0.4501108784625724,0.6901154171008121,0.26326231915880266,0.5130909462841872
Combined Wild West and RSI Frankenfest,2025,2025-01-01,2025-12-31,62.181,61.56,2.52361500916893,4.35771258727642,6.261061539162672,9.931,20.045,1.4674215166211968,55.422,89.15381229679433,0.40414635074643007,0.5456497249004684,0.28243349389600547,0.5314447232742135
Vigilante Bio - Mach BETA 3yr (Buy Copy),2017,2017-01-01,2017-12-31,15.355,15.29,0.5420450392982817,0.8138472707069677,0.34684014072940855,44.272,64.303,1.1505879954353226,49.2,47.37596656096885,0.2794669683038019,0.3585283588025464,0.0014044645890106918,0.03747618695933048
Vigilante Bio - Mach BETA 3yr (Buy Copy),2017-2018,2017-01-01,2018-12-31,-2.419,-4.76,0.3151450803125109,0.47713682151070386,-0.03794197562905129,63.743,70.946,1.1455044401519106,49.9,59.856239380623805,0.3227487445807811,-1.2414927797050885,0.051491577452542917,-0.22691755651016277
Vigilante Bio - Mach BETA 3yr (Buy Copy),2018,2018-01-01,2018-12-31,-10.312,-10.273,0.23348695127316438,0.3587187222011374,-0.18931957258211382,54.468,76.849,1.081576964700571,50.8,72.57593888548247,0.12049253451119221,-1.4801331449867812,0.10792295102538275,-0.32851628730609805
Vigilante Bio - Mach BETA 3yr (Buy Copy),2018-2019,2018-01-01,2019-12-31,-23.711,-41.738,0.016076294293877896,0.023296725563499494,-0.393622533115281,60.239,75.542,1.0280139828589345,50.996,71.78480991794096,0.14368120241622745,-1.0908627566705726,0.046712704427713386,-0.216131220391024
Vigilante Bio - Mach BETA 3yr (Buy Copy),2019,2019-01-01,2019-12-31,-36.154,-36.154,-0.23028105975212845,-0.3161930579998659,-0.6001722378019387,60.239,74.486,0.9190385236997954,50.996,71.28281307639948,-0.06749496770023272,-0.3718764123818407,0.003916349537354307,-0.06258074414190284
Vigilante Bio - Mach BETA 3yr (Buy Copy),2019-2020,2019-01-01,2020-12-31,-35.746,-58.787,-0.010914757311188045,-0.015020124485495634,-0.4795029749527599,74.549,91.669,1.0029312090690263,50.794,61.99995734695036,-0.24314773994805353,0.9263707723847247,0.0650586087265175,0.2550658909507845
Vigilante Bio - Mach BETA 3yr (Buy Copy),2020,2020-01-01,2020-12-31,-34.203,-34.313,0.15814143078652745,0.2181854028037965,-0.5238057453088573,65.298,106.344,0.9569681017966533,50.794,52.99995863474162,-0.07094793862745111,1.1103478870949075,0.12203114668443152,0.3493295674351536
Vigilante Bio - Mach BETA 3yr (Buy Copy),2020-2021,2020-01-01,2021-12-31,-64.305,-87.311,-0.5624227627701581,-0.7663427020223524,-0.6936642481537194,92.703,97.168,0.9757383116939871,49.206,59.999960326649564,-0.7494532483511872,0.8519919758669231,0.04941831966913114,0.2223023159329006
Vigilante Bio - Mach BETA 3yr (Buy Copy),2021,2021-01-01,2021-12-31,-80.687,-80.687,-1.452594138988995,-1.9434023181309943,-0.9406684892149892,85.776,87.185,0.9335060624141442,47.809,67.26687662787032,-1.028717285939294,-0.8619877672726586,0.016344298228203404,-0.12784482088924606
Vigilante Bio - Mach BETA 3yr (Buy Copy),2021-2022,2021-01-01,2022-12-31,-70.031,-90.976,-0.8397086527760692,-1.2045649372991152,-0.7501697854380232,93.354,92.784,1.1929785886471436,47.41,65.76092606305484,-0.721342463862623,-1.113573487102758,0.054545301972642936,-0.23354935660935341
Vigilante Bio - Mach BETA 3yr (Buy Copy),2022,2022-01-01,2022-12-31,-57.379,-57.235,-0.39445495213637244,-0.600282514958436,-0.9644109399993304,59.497,97.902,1.3209309979399497,46.8,64.5119658917651,-0.5985233228929384,-1.1892227913215245,0.08699678138592468,-0.29495216796274726
Vigilante Bio - Mach BETA 3yr (Buy Copy),2022-2023,2022-01-01,2023-12-31,60.788,157.072,0.9703538603932947,1.5289853297607092,0.9564808344674812,63.554,92.653,1.3161104122563145,51.8,70.05595999001098,0.9320311414624657,-1.0231740203756037,0.046499368014467087,-0.21563712114213332
Vigilante Bio - Mach BETA 3yr (Buy Copy),2023,2023-01-01,2023-12-31,477.879,469.889,2.4689739856430153,4.048694077190229,10.386684506807509,46.009,86.579,1.44015543204155,56.627,75.90355390698167,2.2829671997257046,-0.5855330486599116,0.007839871009343085,-0.08854304608123151
Vigilante Bio - Mach BETA 3yr (Buy Copy),2023-2024,2023-01-01,2024-12-31,231.603,989.194,1.8942661033591368,2.8777431645068203,5.033889606268442,46.009,80.88,1.1531340887796728,56.886,65.89215949897935,1.5436141935831635,-0.04819823543121363,5.835969698751363e-05,-0.007639351869596899
Vigilante Bio - Mach BETA 3yr (Buy Copy),2024,2024-01-01,2024-12-31,85.204,85.204,1.208690417358688,1.683366312562931,1.916793140622633,44.451,74.915,1.0697076402014243,56.972,56.22305901727469,0.7780387642323684,0.5383533055472928,0.00816971791303277,0.09038649187258442
Vigilante Bio - Mach BETA 3yr (Buy Copy),2024-2025,2024-01-01,2025-12-31,957.531,10876.323,3.308154994993292,6.124290533956845,21.541136285476277,44.451,81.361,1.4275680805347697,60.08,65.8921579587599,2.793935204435065,-0.48743732282496677,0.009627474874002732,-0.09811969666689116
Vigilante Bio - Mach BETA 3yr (Buy Copy),2025,2025-01-01,2025-12-31,5833.196,5644.007,5.186259065880376,14.355017579315085,308.2308745822993,18.925,86.202,1.8908802387515857,63.052,74.89149276435558,4.639542026527592,-0.9059685426463175,0.042101127984330994,-0.20518559399804606
